tech_name,content
Python,لغة برمجة عالية المستوى، سهلة التعلم، وتستخدم بكثرة في الذكاء الاصطناعي وRAG.
JavaScript,لغة الويب الأساسية، تستخدم في تطوير الواجهات الأمامية والخلفية عبر Node.js.
Java,لغة قوية ومستقرة، تستخدم في تطبيقات الأندرويد والأنظمة المؤسسية الضخمة.
C++,لغة ذات أداء عالٍ جداً، تستخدم في بناء الألعاب ونظم التشغيل والمتصفحات.
TypeScript,نسخة مطورة من JavaScript تضيف أنواع البيانات (Static Typing) لتقليل الأخطاء.
Go,لغة طورتها جوجل، تتميز بالسرعة الفائقة في التعامل مع الشبكات والخوادم.
Rust,لغة تركز على أمان الذاكرة والأداء العالي، وهي منافس قوي للغة C++.
Swift,اللغة الرسمية لتطوير تطبيقات Apple (iOS و macOS).
PHP,لغة عريقة في تطوير المواقع، وتدير نسبة كبيرة من الويب مثل WordPress.
Ruby,لغة تركز على بساطة الإنتاجية، وتشتهر بإطار عمل Ruby on Rails.
C#,لغة من تطوير مايكروسوفت، تستخدم في تطوير تطبيقات Windows وألعاب Unity.
SQL,اللغة القياسية للتعامل مع قواعد البيانات العلائقية (Relational Databases).
Kotlin,اللغة الحديثة الموصى بها من جوجل لتطوير تطبيقات الأندرويد.
Dart,لغة من تطوير جوجل، تستخدم لبناء تطبيقات الموبايل عبر إطار عمل Flutter.
R,لغة متخصصة في الإحصاء وتحليل البيانات والرسوم البيانية العلمية.
MATLAB,بيئة برمجية للحسابات التقنية والنمذجة الرياضية والهندسية.
Scala,تجمع بين البرمجة الكائنية والوظيفية، وتستخدم في معالجة البيانات الضخمة.
Perl,لغة قوية في معالجة النصوص وإدارة الأنظمة (System Administration).
Haskell,لغة وظيفية (Functional) نقية، تستخدم في الأبحاث والأنظمة المالية المعقدة.
Lua,لغة خفيفة الوزن، تستخدم غالباً كمحرك سكربت داخل الألعاب.
React,إطار عمل JavaScript لبناء واجهات المستخدم، مدعوم من شركة Meta.
Angular,إطار عمل ضخم من جوجل لبناء تطبيقات الويب المعقدة.
Vue.js,إطار عمل مرن وسهل التعلم لبناء واجهات المواقع التفاعلية.
Django,إطار عمل Python قوي جداً لتطوير المواقع بسرعة وبأمان عالٍ.
Flask,إطار عمل Python مصغر (Micro) يتميز بالبساطة والمرونة المطلقة.
Flutter,إطار عمل لبناء تطبيقات (iOS و Android) من كود واحد باستخدام Dart.
Spring Boot,إطار عمل Java لتسهيل بناء تطبيقات الويب والخدمات المصغرة (Microservices).
Laravel,إطار عمل PHP يشتهر بجمالية الكود وسهولة الاستخدام للمطورين.
Express.js,إطار عمل بسيط وسريع لبناء خوادم الويب باستخدام Node.js.
TensorFlow,إطار عمل من جوجل لبناء وتدريب نماذج الذكاء الاصطناعي والتعلم العميق.
